x,Ec=0V,Ec=-2V,Ec=-4V,Ec=-6V,Ec=-8V,Ec=-10V,Ec=-12V,Ec=-14V,Ec=-16V,Ec=-18V,Ec=-20V,Ec=-22V,Ec=-24V,Ec=-26V,Ec=-28V,Ec=-30V
2.607,0.1869,,,,,,,,,,,,,,,
5.428,0.3907,,,,,,,,,,,,,,,
8.89,0.6497,,,,,,,,,,,,,,,
12.227,0.9471,,,,,,,,,,,,,,,
15.133,1.1595,,,,,,,,,,,,,,,
18.982,1.4738,,,,,,,,,,,,,,,
22.021,1.7798,,,,,,,,,,,,,,,
25.442,2.0644,,,,,,,,,,,,,,,
28.995,2.4384,,,,,,,,,,,,,,,
32.5,2.7102,,,,,,,,,,,,,,,
34.206,2.9118,0.1865,,,,,,,,,,,,,,
35.499,3.0714,0.2712,,,,,,,,,,,,,,
38.221,3.3167,0.4285,,,,,,,,,,,,,,
38.622,3.3518,0.446,,,,,,,,,,,,,,
41.277,3.6323,0.5418,,,,,,,,,,,,,,
41.591,3.6664,0.5557,,,,,,,,,,,,,,
44.317,3.9681,0.7061,,,,,,,,,,,,,,
46.589,4.2525,0.8528,,,,,,,,,,,,,,
46.76,4.2698,0.8643,,,,,,,,,,,,,,
50.267,4.5885,1.1061,,,,,,,,,,,,,,
52.401,4.881,1.252,,,,,,,,,,,,,,
52.755,4.9328,1.2756,,,,,,,,,,,,,,
55.882,5.3111,1.4811,,,,,,,,,,,,,,
57.699,5.5004,1.6087,,,,,,,,,,,,,,
59.008,5.651,1.7087,,,,,,,,,,,,,,
60.352,5.847,1.817,0.1657,,,,,,,,,,,,,
61.496,6.0166,1.9116,0.2005,,,,,,,,,,,,,
62.958,6.198,2.0335,0.2448,,,,,,,,,,,,,
64.453,6.3864,2.1573,0.2899,,,,,,,,,,,,,
66.963,6.7557,2.3762,0.3648,,,,,,,,,,,,,
67.37,6.8073,2.4141,0.3767,,,,,,,,,,,,,
67.92,6.8683,2.4668,0.393,,,,,,,,,,,,,
70.068,7.1048,2.6826,0.465,,,,,,,,,,,,,
71.272,7.3577,2.8062,0.5216,,,,,,,,,,,,,
71.832,7.4747,2.8634,0.5538,,,,,,,,,,,,,
73.671,7.6319,3.0472,0.6726,,,,,,,,,,,,,
74.04,7.6699,3.0829,0.6964,,,,,,,,,,,,,
75.117,7.8021,3.1835,0.7594,,,,,,,,,,,,,
76.543,8.006,3.3119,0.819,,,,,,,,,,,,,
78.775,8.3546,3.5134,0.9072,,,,,,,,,,,,,
78.786,8.3563,3.5145,0.9078,,,,,,,,,,,,,
79.644,8.4753,3.597,0.9523,,,,,,,,,,,,,
82.162,8.8137,3.8653,1.1042,,,,,,,,,,,,,
83.741,9.0385,4.0462,1.2092,,,,,,,,,,,,,
84.526,9.1583,4.1367,1.2633,,,,,,,,,,,,,
85.423,9.3068,4.2389,1.3253,,,,,,,,,,,,,
86.159,9.4437,4.3219,1.374,0.162,,,,,,,,,,,,
87.445,9.7235,4.4673,1.4505,0.1948,,,,,,,,,,,,
87.458,9.7266,4.4688,1.4512,0.1951,,,,,,,,,,,,
88.595,9.9617,4.6,1.5106,0.2242,,,,,,,,,,,,
89.379,10.0764,4.6926,1.5504,0.2446,,,,,,,,,,,,
91.985,10.3841,5.0056,1.6973,0.3144,,,,,,,,,,,,
92.807,10.4972,5.1041,1.7606,0.3376,,,,,,,,,,,,
93.179,10.5604,5.1482,1.7937,0.3483,,,,,,,,,,,,
94.304,10.8086,5.2801,1.9019,0.3821,,,,,,,,,,,,
94.915,10.931,5.3507,1.9562,0.4015,,,,,,,,,,,,
95.022,10.9492,5.3629,1.965,0.405,,,,,,,,,,,,
97.419,11.2887,5.6327,2.1351,0.4892,,,,,,,,,,,,
98.304,11.4156,5.7303,2.1963,0.5228,,,,,,,,,,,,
99.253,11.5688,5.8372,2.2665,0.5594,,,,,,,,,,,,
99.935,11.6879,5.9177,2.3217,0.5855,,,,,,,,,,,,
101.103,11.8943,6.0662,2.4234,0.6296,,,,,,,,,,,,
101.74,12.0023,6.1531,2.4805,0.6539,,,,,,,,,,,,
103.316,12.251,6.3752,2.6148,0.7179,,,,,,,,,,,,
105.355,12.5624,6.6503,2.7585,0.8146,,,,,,,,,,,,
105.477,12.5813,6.6656,2.7666,0.8209,,,,,,,,,,,,
105.903,12.6485,6.7176,2.7953,0.8438,,,,,,,,,,,,
107.034,12.8354,6.848,2.8781,0.9077,,,,,,,,,,,,
109.081,13.1927,7.076,3.0697,1.0293,,,,,,,,,,,,
110.103,13.3631,7.1968,3.1678,1.0898,,,,,,,,,,,,
110.328,13.3997,7.2249,3.1883,1.103,,,,,,,,,,,,
111.463,13.5842,7.3725,3.2853,1.1669,,,,,,,,,,,,
111.486,13.5881,7.3756,3.2872,1.1681,,,,,,,,,,,,
112.945,13.8393,7.5754,3.4081,1.2425,0.1411,,,,,,,,,,,
113.892,14.0091,7.706,3.4896,1.287,0.1808,,,,,,,,,,,
114.69,14.1536,7.8132,3.5624,1.3234,0.2139,,,,,,,,,,,
114.776,14.1691,7.8245,3.5706,1.3273,0.2175,,,,,,,,,,,
116.169,14.4045,7.9989,3.7103,1.3912,0.274,,,,,,,,,,,
116.799,14.4995,8.0752,3.777,1.4214,0.2988,,,,,,,,,,,
118.033,14.6835,8.234,3.9105,1.4844,0.3457,,,,,,,,,,,
118.83,14.8126,8.3577,3.9961,1.5274,0.3744,,,,,,,,,,,
119.271,14.8898,8.4319,4.0423,1.5519,0.3898,,,,,,,,,,,
120.35,15.0897,8.5996,4.1493,1.6138,0.4254,,,,,,,,,,,
120.753,15.1662,8.6532,4.1877,1.6376,0.4379,,,,,,,,,,,
121.967,15.3951,8.8006,4.304,1.7113,0.4732,,,,,,,,,,,
122.692,15.5264,8.8855,4.3757,1.7567,0.493,,,,,,,,,,,
123.38,15.6477,8.9673,4.446,1.8007,0.5111,,,,,,,,,,,
123.778,15.7172,9.0161,4.4877,1.8264,0.5215,,,,,,,,,,,
125.018,15.9351,9.177,4.6204,1.9075,0.5535,,,,,,,,,,,
127.338,16.3596,9.522,4.8751,2.0586,0.6169,,,,,,,,,,,
127.897,16.4581,9.618,4.937,2.0939,0.6338,,,,,,,,,,,
128.631,16.5838,9.749,5.0183,2.1388,0.6576,,,,,,,,,,,
128.642,16.5857,9.751,5.0195,2.1395,0.658,,,,,,,,,,,
129.374,16.7086,9.877,5.1004,2.1826,0.6841,,,,,,,,,,,
130.345,16.87,10.0279,5.2064,2.238,0.7221,,,,,,,,,,,
131.848,17.1214,10.2365,5.3664,2.3268,0.7878,,,,,,,,,,,
132.842,17.2912,10.3685,5.4702,2.3919,0.8347,,,,,,,,,,,
133.8,17.4571,10.4951,5.571,2.4615,0.8814,,,,,,,,,,,
135.129,17.6906,10.6759,5.7166,2.5687,0.9464,,,,,,,,,,,
135.147,17.6936,10.6783,5.7186,2.5701,0.9473,,,,,,,,,,,
135.542,17.7634,10.735,5.7638,2.6036,0.9662,,,,,,,,,,,
136.911,18.0077,10.9447,5.9291,2.7216,1.0304,,,,,,,,,,,
136.923,18.0099,10.9467,5.9307,2.7227,1.0309,0.1972,,,,,,,,,,
137.863,18.1928,11.0974,6.0546,2.8041,1.0741,0.2177,,,,,,,,,,
138.451,18.3171,11.1885,6.1353,2.8543,1.1009,0.2306,,,,,,,,,,
139.787,18.5991,11.3807,6.3207,2.9628,1.162,0.26,,,,,,,,,,
140.273,18.6946,11.4489,6.3865,2.999,1.1846,0.2708,,,,,,,,,,
140.813,18.7944,11.5252,6.4562,3.0368,1.2099,0.2829,,,,,,,,,,
140.892,18.8086,11.5365,6.4661,3.0422,1.2137,0.2847,,,,,,,,,,
141.668,18.9448,11.6518,6.5578,3.0931,1.2511,0.3024,,,,,,,,,,
143.152,19.2048,11.9004,6.7181,3.192,1.3243,0.3371,,,,,,,,,,
144.103,19.3852,12.0605,6.8209,3.2685,1.3712,0.3601,,,,,,,,,,
144.452,19.4524,12.1168,6.86,3.3009,1.3882,0.3687,,,,,,,,,,
144.631,19.4863,12.145,6.8803,3.3182,1.3968,0.3732,,,,,,,,,,
145.194,19.5897,12.232,6.9458,3.3755,1.4235,0.3875,,,,,,,,,,
145.731,19.6811,12.313,7.0099,3.4329,1.4484,0.4015,,,,,,,,,,
145.886,19.706,12.3362,7.0287,3.4498,1.4555,0.4056,,,,,,,,,,
148.384,20.0947,12.7052,7.3428,3.7147,1.5668,0.4744,,,,,,,,,,
148.65,20.1444,12.7448,7.3774,3.7391,1.5789,0.482,,,,,,,,,,
149.08,20.2358,12.8092,7.4338,3.7759,1.5988,0.4943,,,,,,,,,,
149.522,20.343,12.8762,7.4922,3.8111,1.6198,0.5071,,,,,,,,,,
150.847,20.6591,13.084,7.6714,3.9108,1.6868,0.5456,,,,,,,,,,
151.863,20.8469,13.2508,7.813,3.9916,1.744,0.5748,,,,,,,,,,
151.975,20.8661,13.2696,7.8289,4.0009,1.7507,0.578,,,,,,,,,,
152.831,21.0089,13.415,7.9513,4.0758,1.8049,0.602,,,,,,,,,,
152.897,21.0198,13.4264,7.9609,4.0818,1.8092,0.6039,,,,,,,,,,
153.43,21.1076,13.5183,8.0383,4.1313,1.8453,0.6186,,,,,,,,,,
154.327,21.2585,13.6733,8.1694,4.2178,1.9091,0.6434,,,,,,,,,,
156.586,21.6752,14.0564,8.4923,4.4445,2.0765,0.7099,,,,,,,,,,
156.908,21.7377,14.1092,8.5369,4.4774,2.0998,0.7202,,,,,,,,,,
157.093,21.7736,14.139,8.5622,4.4962,2.1128,0.7262,,,,,,,,,,
157.162,21.7871,14.1502,8.5717,4.5033,2.1177,0.7285,,,,,,,,,,
157.766,21.9048,14.246,8.6536,4.5649,2.1587,0.7488,,,,,,,,,,
159.833,22.3131,14.5618,8.9214,4.7747,2.2865,0.8218,0.1684,,,,,,,,,
160.385,22.4311,14.6449,8.9888,4.83,2.3198,0.8417,0.1784,,,,,,,,,
160.562,22.4704,14.6715,9.0098,4.8476,2.3306,0.8481,0.1816,,,,,,,,,
160.577,22.4739,14.6738,9.0117,4.8491,2.3315,0.8487,0.1819,,,,,,,,,
161.086,22.5914,14.7507,9.0703,4.8994,2.3631,0.867,0.1912,,,,,,,,,
161.562,22.7047,14.8232,9.1225,4.9461,2.3937,0.8842,0.1998,,,,,,,,,
163.104,23.053,15.0658,9.2852,5.0949,2.4981,0.939,0.2274,,,,,,,,,
163.321,23.0954,15.1014,9.3093,5.1156,2.5132,0.9466,0.2312,,,,,,,,,
164.506,23.2994,15.3039,9.4513,5.2282,2.5963,0.9874,0.2518,,,,,,,,,
165.326,23.4316,15.4544,9.5591,5.3058,2.6537,1.0154,0.2657,,,,,,,,,
165.681,23.491,15.5216,9.6076,5.3394,2.6783,1.0274,0.2715,,,,,,,,,
167.117,23.7537,15.7993,9.8115,5.4774,2.7758,1.0765,0.2941,,,,,,,,,
167.338,23.796,15.8418,9.8436,5.4992,2.7904,1.0841,0.2973,,,,,,,,,
167.761,23.8772,15.9219,9.9053,5.5418,2.818,1.0988,0.3034,,,,,,,,,
168.332,23.9868,16.0267,9.9895,5.6019,2.855,1.119,0.3112,,,,,,,,,
168.475,24.0139,16.0521,10.0106,5.6175,2.8642,1.1241,0.313,,,,,,,,,
170.189,24.3326,16.3362,10.2672,5.8224,2.9744,1.1882,0.3353,,,,,,,,,
170.465,24.3833,16.3801,10.3087,5.8562,2.9924,1.1991,0.3392,,,,,,,,,
171.269,24.5327,16.5093,10.4303,5.953,3.0459,1.2324,0.3516,,,,,,,,,
171.767,24.6271,16.5922,10.5057,6.0121,3.08,1.254,0.3605,,,,,,,,,
172.534,24.7785,16.7262,10.6219,6.1026,3.1346,1.2889,0.3763,,,,,,,,,
173.185,24.9163,16.844,10.7202,6.1792,3.1835,1.3199,0.3919,,,,,,,,,
173.592,25.0089,16.9183,10.7816,6.2272,3.2155,1.3399,0.4027,,,,,,,,,
173.813,25.0616,16.9585,10.8147,6.2532,3.2333,1.3509,0.4089,,,,,,,,,
174.877,25.3173,17.149,10.973,6.379,3.3229,1.4055,0.4413,,,,,,,,,
175.184,25.3851,17.202,11.018,6.4154,3.3495,1.4215,0.4513,,,,,,,,,
175.248,25.3988,17.2129,11.0274,6.423,3.3551,1.4248,0.4534,,,,,,,,,
176.004,25.549,17.3393,11.1369,6.5129,3.4218,1.4646,0.4791,,,,,,,,,
176.567,25.6494,17.4308,11.217,6.5793,3.4715,1.4943,0.4987,,,,,,,,,
178.402,25.9575,17.726,11.4744,6.7888,3.6253,1.5934,0.565,,,,,,,,,
179.154,26.0911,17.8507,11.5784,6.8695,3.681,1.635,0.5924,,,,,,,,,
179.283,26.116,17.8725,11.5961,6.8829,3.6901,1.6422,0.5971,,,,,,,,,
179.441,26.1485,17.8997,11.6179,6.8992,3.7012,1.651,0.6029,,,,,,,,,
179.717,26.2142,17.9477,11.6557,6.9272,3.7202,1.6666,0.6129,,,,,,,,,
180.426,26.442,18.0748,11.7526,6.9969,3.7679,1.7067,0.6384,,,,,,,,,
180.822,26.5271,18.1477,11.8066,7.0348,3.7943,1.7292,0.6525,,,,,,,,,
181.62,26.6596,18.2962,11.9148,7.1099,3.8485,1.774,0.6801,,,,,,,,,
182.335,26.7696,18.4289,12.0124,7.1773,3.9004,1.8134,0.704,,,,,,,,,
182.975,26.8689,18.5453,12.1009,7.239,3.9523,1.8479,0.7246,,,,,,,,,
183.34,26.9273,18.6109,12.152,7.2752,3.9851,1.8671,0.736,,,,,,,,,
184.285,27.0931,18.7823,12.2883,7.3751,4.0805,1.9159,0.7646,,,,,,,,,
184.515,27.1393,18.8246,12.3224,7.4014,4.1052,1.9275,0.7713,,,,,,,,,
184.639,27.1657,18.8474,12.3409,7.4159,4.1186,1.9337,0.7749,,,,,,,,,
185.73,27.4708,19.054,12.5098,7.5585,4.236,1.9882,0.8055,,,,,,,,,
186.719,27.79,19.2473,12.6703,7.7068,4.3347,2.0369,0.8317,,,,,,,,,
187.042,27.8717,19.3111,12.7239,7.7572,4.3644,2.0526,0.84,,,,,,,,,
187.634,28.0032,19.4288,12.8239,7.8497,4.4164,2.0816,0.8549,,,,,,,,,
188.102,28.0979,19.5221,12.9041,7.9203,4.4556,2.1044,0.8664,,,,,,,,,
188.199,28.1168,19.5415,12.9208,7.9345,4.4636,2.1091,0.8688,,,,,,,,,
188.719,28.2161,19.6451,13.0108,8.0074,4.5059,2.1344,0.8814,,,,,,,,,
188.877,28.2459,19.6767,13.0383,8.0287,4.5187,2.1421,0.8852,0.1855,,,,,,,,
189.731,28.4066,19.8463,13.1868,8.1371,4.5869,2.184,0.9058,0.1998,,,,,,,,
190.512,28.5604,19.9998,13.3214,8.2287,4.6495,2.2229,0.9247,0.213,,,,,,,,
190.634,28.5849,20.0235,13.3422,8.2424,4.6594,2.2291,0.9277,0.215,,,,,,,,
191.841,28.8276,20.255,13.5476,8.3723,4.7594,2.2924,0.9582,0.2356,,,,,,,,
192.269,28.9084,20.3354,13.622,8.4162,4.7962,2.3161,0.9695,0.243,,,,,,,,
192.835,29.0075,20.4405,13.7233,8.4739,4.8463,2.3487,0.9849,0.2529,,,,,,,,
193.347,29.0949,20.5346,13.8189,8.5271,4.8933,2.3798,0.9991,0.2619,,,,,,,,
193.371,29.0989,20.5388,13.8233,8.5296,4.8954,2.3813,0.9998,0.2623,,,,,,,,
194.014,29.2137,20.6559,13.9484,8.5993,4.957,2.423,1.0181,0.2738,,,,,,,,
194.631,29.3351,20.7676,14.0692,8.67,5.0183,2.4663,1.0361,0.2851,,,,,,,,
194.804,29.3718,20.799,14.1026,8.6907,5.0359,2.479,1.0412,0.2883,,,,,,,,
196.209,29.699,21.0545,14.3443,8.8695,5.1834,2.5887,1.0836,0.3155,,,,,,,,
196.251,29.7091,21.0621,14.3503,8.8751,5.1879,2.5921,1.0849,0.3163,,,,,,,,
196.313,29.7241,21.0734,14.3589,8.8835,5.1946,2.5971,1.0868,0.3175,,,,,,,,
197.941,30.1086,21.3757,14.5354,9.1122,5.3731,2.7297,1.1379,0.3525,,,,,,,,
197.993,30.1203,21.3856,14.5408,9.1198,5.3789,2.7339,1.1395,0.3537,,,,,,,,
198.631,30.2563,21.5082,14.613,9.2122,5.4495,2.784,1.1601,0.3685,,,,,,,,
199.225,30.3757,21.6228,14.6946,9.2988,5.5148,2.829,1.1795,0.3828,,,,,,,,
199.361,30.4022,21.6487,14.7154,9.3186,5.5295,2.839,1.1839,0.3861,,,,,,,,
199.707,30.4693,21.7144,14.7717,9.3691,5.5669,2.8643,1.1954,0.3946,,,,,,,,
200.864,30.6922,21.9284,14.9783,9.5369,5.6863,2.9454,1.2345,0.4238,,,,,,,,
201.348,30.7879,22.0159,15.0679,9.6058,5.7333,2.9781,1.2513,0.4361,,,,,,,,
201.794,30.8784,22.096,15.1499,9.6681,5.775,3.0075,1.267,0.4474,,,,,,,,
202.3,30.9834,22.1867,15.2408,9.7367,5.8206,3.0403,1.2853,0.4602,,,,,,,,
203.178,31.1694,22.3441,15.3877,9.8471,5.8964,3.0956,1.318,0.4824,,,,,,,,
204.114,31.3696,22.5128,15.5215,9.952,5.9747,3.1525,1.3545,0.5061,,,,,,,,
204.271,31.4033,22.5415,15.5422,9.9688,5.9879,3.162,1.3609,0.5101,,,,,,,,
204.921,31.5406,22.6601,15.6233,10.0388,6.042,3.2002,1.3877,0.5266,,,,,,,,
206.193,31.7993,22.8979,15.7828,10.1909,6.1492,3.2745,1.4438,0.5593,,,,,,,,
206.198,31.8002,22.8988,15.7835,10.1915,6.1496,3.2748,1.444,0.5594,,,,,,,,
206.529,31.8658,22.9625,15.83,10.2349,6.1779,3.2943,1.4595,0.568,,,,,,,,
206.779,31.9152,23.0113,15.868,10.2686,6.1994,3.3093,1.4715,0.5745,,,,,,,,
207.802,32.1189,23.2168,16.0503,10.4107,6.2893,3.3723,1.5225,0.6016,,,,,,,,
208.36,32.232,23.3329,16.1622,10.4902,6.34,3.4085,1.5516,0.6167,,,,,,,,
209.246,32.4134,23.5215,16.343,10.6178,6.4251,3.4701,1.5992,0.6412,,,,,,,,
209.961,32.5605,23.6749,16.4803,10.7214,6.5012,3.5249,1.6384,0.6614,,,,,,,,
210.066,32.582,23.6973,16.4992,10.7367,6.5132,3.5334,1.6442,0.6644,,,,,,,,
210.295,32.6293,23.7462,16.5396,10.77,6.5402,3.5526,1.6569,0.6709,,,,,,,,
211.374,32.8503,23.9703,16.7155,10.9259,6.6772,3.652,1.7165,0.7015,,,,,,,,
212.245,33.0258,24.1439,16.852,11.0502,6.7855,3.7418,1.7636,0.7256,,,,,,,,
212.288,33.0344,24.1523,16.8588,11.0562,6.7906,3.7464,1.7658,0.7268,,,,,,,,
212.763,33.1284,24.2432,16.9355,11.1226,6.8453,3.7977,1.7905,0.7395,,,,,,,,
213.353,33.244,24.3526,17.0372,11.204,6.911,3.862,1.8199,0.755,,,,,,,,
213.421,33.2572,24.3649,17.0496,11.2132,6.9184,3.8693,1.8232,0.7567,,,,,,,,
214.075,33.3845,24.481,17.1755,11.302,6.9896,3.9386,1.854,0.7733,,,,,,,,
214.126,33.3946,24.49,17.1859,11.3089,6.9952,3.9439,1.8564,0.7746,,,,,,,,
214.875,33.5407,24.6189,17.3409,11.4095,7.0759,4.0157,1.8899,0.7929,,,,,,,,
216.407,33.8499,24.8824,17.6453,11.6173,7.2421,4.1296,1.9563,0.8289,,,,,,,,
216.986,33.973,24.9856,17.7441,11.6988,7.3065,4.1653,1.9816,0.8423,,,,,,,,
217.084,33.9944,25.0035,17.76,11.7128,7.3176,4.1712,1.986,0.8446,,,,,,,,
217.176,34.0146,25.0204,17.7747,11.7261,7.328,4.1767,1.9901,0.8467,,,,,,,,
217.353,34.0537,25.053,17.8024,11.7516,7.348,4.1872,1.998,0.8508,,,,,,,,
218.013,34.2046,25.1776,17.9013,11.849,7.4243,4.2267,2.028,0.8659,,,,,,,,
219.148,34.4779,25.4017,18.0616,12.0215,7.5598,4.3002,2.0822,0.8919,,,,,,,,
219.668,34.6061,25.5078,18.1342,12.1016,7.6231,4.3377,2.1079,0.9039,,,,,,,,
220.155,34.7256,25.6092,18.2043,12.1768,7.6831,4.3749,2.1326,0.9152,,,,,,,,
220.384,34.7807,25.6575,18.2382,12.2122,7.7114,4.393,2.1444,0.9205,,,,,,,,
221.664,35.0656,25.9304,18.4464,12.4077,7.8697,4.5006,2.2122,0.9509,,,,,,,,
221.705,35.0744,25.9392,18.4537,12.4139,7.8748,4.5043,2.2145,0.9519,,,,,,,,
221.84,,25.9676,18.4777,12.434,7.8913,4.5162,2.2218,0.9552,,,,,,,,
221.853,,25.9704,18.4801,12.436,7.893,4.5174,2.2226,0.9555,,,,,,,,
222.33,,26.0697,18.5679,12.5063,7.9515,4.5605,2.249,0.9673,,,,,,,,
222.776,,26.1607,18.6533,12.571,8.0061,4.6021,2.2743,0.9786,0.2018,,,,,,,
223.611,,26.3251,18.8175,12.6894,8.1075,4.6828,2.323,1.0009,0.2234,,,,,,,
224.281,,26.4529,18.9509,12.7831,8.1882,4.7505,2.3637,1.0202,0.2406,,,,,,,
224.546,,26.5028,19.0036,12.8202,8.22,4.7781,2.3803,1.0283,0.2475,,,,,,,
225.555,,26.6911,19.2014,12.962,8.3401,4.8866,2.4459,1.062,0.2735,,,,,,,
226.099,,26.7923,19.3047,13.0397,8.4042,4.9465,2.4828,1.0824,0.2874,,,,,,,
227.28,,27.0129,19.5204,13.2111,8.5416,5.0746,2.5657,1.133,0.3177,,,,,,,
227.721,,27.0962,19.599,13.2758,8.5921,5.1201,2.5973,1.1543,0.3289,,,,,,,
228.433,,27.2327,19.7253,13.3805,8.6729,5.1882,2.6488,1.1914,0.347,,,,,,,
228.555,,27.2563,19.7468,13.3984,8.6865,5.199,2.6576,1.1979,0.3501,,,,,,,
228.692,,27.2831,19.7712,13.4186,8.702,5.2109,2.6675,1.2055,0.3536,,,,,,,
230.443,,27.6352,20.085,13.6747,8.8951,5.3427,2.7922,1.3059,0.3977,,,,,,,
231.29,,27.8099,20.2392,13.7964,8.9867,5.4023,2.8504,1.3551,0.4187,,,,,,,
232.001,,27.956,20.3707,13.8965,9.0629,5.4551,2.8984,1.3954,0.4362,,,,,,,
232.281,,28.0128,20.4231,13.9354,9.0927,5.4771,2.9171,1.4108,0.4431,,,,,,,
232.333,,28.0235,20.4331,13.9427,9.0983,5.4813,2.9206,1.4137,0.4443,,,,,,,
232.626,,28.0823,20.4884,13.9833,9.1295,5.5053,2.9401,1.4294,0.4515,,,,,,,
232.728,,28.1025,20.5077,13.9973,9.1403,5.5138,2.9469,1.4348,0.4539,,,,,,,
233.742,,28.2994,20.6974,14.1372,9.2487,5.6044,3.0139,1.4853,0.4784,,,,,,,
234.795,,28.4954,20.8852,14.2842,9.3631,5.7081,3.0833,1.5308,0.5036,,,,,,,
235.922,,28.6986,21.0787,14.4467,9.4901,5.8296,3.1582,1.5732,0.5308,,,,,,,
236.467,,28.7956,21.1711,14.528,9.5541,5.8924,3.1949,1.5921,0.5442,,,,,,,
236.852,,28.8638,21.2361,14.5862,9.6005,5.9383,3.2211,1.605,0.5537,,,,,,,
236.903,,28.8727,21.2447,14.594,9.6067,5.9445,3.2245,1.6066,0.555,,,,,,,
237.558,,28.9891,21.3552,14.6946,9.6891,6.0259,3.2699,1.6281,0.5715,,,,,,,
239.176,,29.2855,21.6293,14.9489,9.9112,6.2364,3.385,1.6819,0.6139,,,,,,,
239.843,,29.4162,21.7449,15.0557,10.0089,6.3237,3.4331,1.7057,0.6323,,,,,,,
239.949,,29.4377,21.7635,15.0727,10.0246,6.3374,3.4407,1.7097,0.6352,,,,,,,
240.729,,29.6032,21.9019,15.1992,10.141,6.4353,3.4967,1.74,0.6574,,,,,,,
241.189,,29.7053,21.9829,15.2745,10.2095,6.4885,3.5294,1.7589,0.6709,,,,,,,
241.495,,29.7742,22.036,15.3249,10.2545,6.5207,3.5509,1.772,0.68,,,,,,,
241.754,,29.8324,22.08,15.3676,10.292,6.5452,3.5689,1.7832,0.6877,,,,,,,
241.848,,29.8536,22.0958,15.3832,10.3055,6.5536,3.5755,1.7873,0.6906,,,,,,,
242.064,,29.9021,22.1321,15.4191,10.3361,6.5716,3.5904,1.7969,0.6972,0.1267,,,,,,
242.066,,29.9027,22.1325,15.4195,10.3364,6.5717,3.5905,1.797,0.6972,0.1267,,,,,,
243.049,,30.1181,22.2968,15.583,10.4692,6.6391,3.6572,1.8424,0.7277,0.1462,,,,,,
243.864,,30.2889,22.4365,15.7179,10.5722,6.695,3.7122,1.8817,0.7537,0.1624,,,,,,
244.053,,30.3279,22.4698,15.7491,10.5954,6.7094,3.7251,1.891,0.7598,0.1661,,,,,,
245.104,,30.5411,22.6667,15.9206,10.7201,6.7978,3.7979,1.9439,0.7942,0.1872,,,,,,
245.747,,30.6698,22.805,16.0243,10.7943,6.8564,3.8443,1.9768,0.8155,0.2002,,,,,,
246.246,,30.7693,22.9222,16.104,10.8512,6.9034,3.8818,2.0027,0.8322,0.2103,,,,,,
247.179,,30.9557,23.1399,16.251,10.958,6.994,3.9575,2.0516,0.8639,0.2296,,,,,,
247.494,,31.0192,23.2064,16.3,10.9945,7.0254,3.9855,2.0682,0.8747,0.2362,,,,,,
247.559,,31.0323,23.2195,16.31,11.0021,7.0319,3.9915,2.0717,0.8769,0.2376,,,,,,
247.942,,31.1094,23.2935,16.3684,11.0469,7.0702,4.028,2.092,0.8901,0.2456,,,,,,
249.273,,31.38,23.5272,16.565,11.2095,7.2065,4.1747,2.1639,0.9364,0.2746,,,,,,
249.652,,31.4571,23.5905,16.6203,11.2585,7.2459,4.2205,2.1847,0.9496,0.283,,,,,,
250.418,,31.6123,23.7178,16.7347,11.3638,7.3262,4.3115,2.2273,0.9766,0.3007,,,,,,
250.578,,31.6446,23.7446,16.7593,11.3872,7.3431,4.3291,2.2363,0.9823,0.3044,,,,,,
250.792,,31.6876,23.7807,16.7926,11.4194,7.3658,4.351,2.2485,0.9899,0.3094,,,,,,
250.867,,31.7027,23.7935,16.8044,11.4309,7.3738,4.3582,2.2528,0.9925,0.3112,,,,,,
251.331,,31.795,23.8742,16.8786,11.5046,7.4232,4.3974,2.2794,1.009,0.3222,,,,,,
252.202,,31.9653,24.0355,17.0227,11.6508,7.5167,4.457,2.3305,1.0401,0.3429,,,,,,
253.292,,32.1715,24.2599,17.209,11.8332,7.6351,4.5303,2.3974,1.0793,0.3683,,,,,,
253.318,,32.1763,24.2655,17.2135,11.8374,7.6379,4.5322,2.3991,1.0802,0.3689,,,,,,
253.502,,32.2102,24.3054,17.2454,11.8666,7.658,4.5454,2.4108,1.0868,0.373,,,,,,
254.195,,32.3368,24.4557,17.367,11.9718,7.7343,4.5978,2.4564,1.112,0.3881,,,,,,
254.296,,32.3552,24.4772,17.3849,11.9864,7.7455,4.6058,2.4632,1.1157,0.3902,,,,,,
255.535,,32.5917,24.7197,17.6065,12.1552,7.8836,4.7083,2.5481,1.1612,0.4141,,,,,,
255.824,,32.6516,24.7695,17.659,12.1927,7.9162,4.7332,2.568,1.1719,0.4191,,,,,,
255.928,,32.6737,24.7867,17.6779,12.206,7.9279,4.7421,2.575,1.1757,0.4209,,,,,,
256.071,,32.7048,24.8098,17.704,12.2243,7.9441,4.7545,2.5847,1.1811,0.4233,,,,,,
256.383,,32.7757,24.858,17.7614,12.2638,7.9795,4.7819,2.6057,1.1927,0.4283,,,,,,
258.291,,33.2681,25.1305,18.1111,12.4995,8.197,4.9531,2.7201,1.2655,0.4578,,,,,,
259.144,,33.4817,25.2684,18.2557,12.6043,8.2924,5.0312,2.7627,1.2989,0.4714,,,,,,
259.28,,33.5132,25.2933,18.2774,12.6211,8.3073,5.0438,2.7692,1.3043,0.4736,,,,,,
259.424,,33.5459,25.3211,18.3001,12.6391,8.3231,5.0571,2.776,1.31,0.4761,,,,,,
259.461,,33.5541,25.3285,18.3058,12.6437,8.3271,5.0605,2.7778,1.3115,0.4767,,,,,,
260.749,,33.8159,25.6447,18.4958,12.8083,8.4602,5.18,2.8367,1.3633,0.5006,,,,,,
260.97,,33.8575,25.7051,18.5277,12.8374,8.4813,5.2006,2.8467,1.3723,0.5051,,,,,,
261.971,,34.0426,25.9567,18.6765,12.9744,8.5728,5.294,2.8931,1.4138,0.5281,,,,,,
262.058,,34.0586,25.9757,18.6899,12.9867,8.5806,5.3021,2.8973,1.4174,0.5303,,,,,,
262.112,,34.0685,25.9871,18.6981,12.9942,8.5853,5.307,2.8998,1.4197,0.5316,,,,,,
262.134,,34.0727,25.9919,18.7017,12.9974,8.5874,5.3091,2.9009,1.4206,0.5322,,,,,,
262.669,,34.1726,26.0967,18.7876,13.0746,8.6357,5.3588,2.9275,1.4431,0.5466,,,,,,
263.369,,34.3056,26.2182,18.9078,13.1789,8.7017,5.4233,2.9655,1.4729,0.567,,,,,,
263.926,,34.4133,26.3081,19.0086,13.2643,8.758,5.4739,3.0001,1.4968,0.5843,,,,,,
265.122,,34.6511,26.496,19.2334,13.4498,8.8935,5.5797,3.1009,1.5489,0.6235,,,,,,
265.157,,34.6583,26.5017,19.2402,13.4553,8.8978,5.5828,3.1046,1.5504,0.6247,,,,,,
265.699,,34.7704,26.5914,19.3434,13.5387,8.9664,5.6293,3.1649,1.5743,0.643,,,,,,
265.804,,34.7925,26.6096,19.3633,13.5547,8.98,5.6382,3.1771,1.5789,0.6465,,,,,,
266.538,,34.951,26.7467,19.5019,13.6654,9.0784,5.7,3.2603,1.6115,0.6711,,,,,,
267.05,,35.0648,26.8513,19.5972,13.741,9.1491,5.7428,3.3103,1.6344,0.6879,,,,,,
267.102,,35.0763,26.8622,19.6067,13.7485,9.1563,5.7471,3.3149,1.6368,0.6896,,,,,,
267.574,,,26.9621,19.6935,13.8166,9.2224,5.7866,3.3538,1.658,0.7046,,,,,,
268.28,,,27.1059,19.8216,13.916,9.3219,5.8457,3.4053,1.69,0.7258,,,,,,
268.327,,,27.1149,19.8302,13.9226,9.3285,5.8497,3.4085,1.6921,0.7272,,,,,,
270.988,,,27.5638,20.3072,14.2854,9.6927,6.0855,3.5783,1.8151,0.7947,,,,,,
271.05,,,27.5742,20.3183,14.2937,9.7006,6.0914,3.5822,1.818,0.7962,,,,,,
271.071,,,27.5778,20.3221,14.2966,9.7034,6.0935,3.5835,1.819,0.7967,,,,,,
271.278,,,27.6133,20.3592,14.3247,9.7296,6.114,3.5965,1.8288,0.8015,,,,,,
272.049,,,27.7493,20.4978,14.4299,9.8241,6.1962,3.6458,1.8653,0.82,,,,,,
272.174,,,27.7718,20.5202,14.4471,9.8389,6.2104,3.6538,1.8713,0.823,,,,,,
273.02,,,27.9292,20.6721,14.5648,9.9364,6.3138,3.7099,1.912,0.8446,,,,,,
274.052,,,28.1343,20.8561,14.7131,10.05,6.4396,3.7805,1.9627,0.8744,0.2412,,,,,
274.339,,,28.1952,20.9069,14.7555,10.0809,6.4715,3.8006,1.977,0.8837,0.2472,,,,,
274.534,,,28.2376,20.9411,14.7844,10.1017,6.4922,3.8143,1.9868,0.8904,0.2513,,,,,
274.683,,,28.2709,20.9673,14.8068,10.1177,6.5077,3.8248,1.9943,0.8957,0.2544,,,,,
275.304,,,28.4182,21.0751,14.9011,10.1839,6.5688,3.8692,2.0258,0.9192,0.2674,,,,,
276.342,,,28.6752,21.2514,15.0636,10.2962,6.6651,3.9451,2.0797,0.9628,0.2889,,,,,
277.182,,,28.8451,21.3925,15.1988,10.3909,6.7409,4.0082,2.124,0.9998,0.3062,,,,,
277.569,,,28.9052,21.4581,15.262,10.4359,6.7758,4.0378,2.1446,1.0167,0.3141,,,,,
277.99,,,28.9627,21.5306,15.3312,10.4858,6.8139,4.0704,2.1671,1.0346,0.3226,,,,,
278.654,,,29.0459,21.6491,15.4409,10.5663,6.8748,4.1229,2.2027,1.0615,0.3359,,,,,
278.962,,,29.0842,21.707,15.4919,10.6044,6.9037,4.1477,2.2192,1.0733,0.342,,,,,
279.368,,,29.1364,21.7859,15.5591,10.6553,6.9426,4.1808,2.241,1.0881,0.35,,,,,
279.588,,,29.1663,21.8293,15.5954,10.6832,6.9641,4.1989,2.2528,1.0957,0.3542,,,,,
280.183,,,29.2574,21.9462,15.6934,10.7597,7.0244,4.2486,2.2848,1.1152,0.3656,,,,,
280.975,,,29.4126,22.087,15.8225,10.8637,7.1085,4.3158,2.3275,1.139,0.3802,,,,,
281.055,,,29.4302,22.0995,15.8354,10.8743,7.1171,4.3226,2.3319,1.1413,0.3816,,,,,
282.206,,,29.71,22.265,16.0188,11.0292,7.244,4.4209,2.3944,1.1735,0.4014,,,,,
282.48,,,29.7778,22.3057,16.0616,11.0667,7.2742,4.4443,2.4094,1.181,0.4058,,,,,
282.492,,,29.7806,22.3074,16.0634,11.0682,7.2754,4.4452,2.4101,1.1813,0.406,,,,,
282.811,,,29.857,22.357,16.1128,11.112,7.3101,4.4723,2.4276,1.19,0.4108,,,,,
283.393,,,29.9874,22.4536,16.2019,11.1925,7.3718,4.5214,2.4598,1.2059,0.4192,,,,,
283.98,,,30.1096,22.559,16.2906,11.2743,7.4316,4.5708,2.4925,1.2222,0.4271,,,,,
285.515,,,30.4007,22.8589,16.5186,11.4906,7.5842,4.6995,2.5797,1.2677,0.4476,,,,,
285.779,,,30.4481,22.9122,16.5574,11.5281,7.6109,4.7217,2.5951,1.2761,0.4515,,,,,
286.454,,,30.5672,23.0492,16.6564,11.6239,7.681,4.7784,2.635,1.299,0.4627,,,,,
286.948,,,30.6543,23.1495,16.7286,11.6936,7.7349,4.8201,2.6649,1.3171,0.4722,,,,,
287.269,,,30.7116,23.2143,16.7755,11.7384,7.7715,4.8472,2.6847,1.3294,0.4791,,,,,
287.527,,,30.7585,23.2663,16.8132,11.7742,7.802,4.8691,2.7009,1.3397,0.485,,,,,
287.588,,,30.7698,23.2786,16.8222,11.7827,7.8095,4.8743,2.7048,1.3421,0.4865,,,,,
288.075,,,30.8617,23.3756,16.8936,11.8492,7.8709,4.916,2.7362,1.3624,0.4988,,,,,
288.788,,,31.0051,23.5141,16.9988,11.9443,7.9668,4.9777,2.7839,1.3935,0.5188,,,,,
289.227,,,31.0998,23.5965,17.0644,12.0015,8.0277,5.0165,2.8144,1.4135,0.5322,,,,,
289.588,,,31.1799,23.6617,17.1188,12.0475,8.0775,5.0488,2.84,1.4302,0.5435,,,,,
290.906,,,31.4736,23.8806,17.324,12.2102,8.2458,5.1707,2.9366,1.4926,0.5869,,,,,
291.231,,,31.5429,23.931,17.3768,12.2496,8.2813,5.2016,2.9607,1.508,0.598,,,,,
291.904,,,31.6775,24.0342,17.4897,12.3306,8.3456,5.2659,3.0102,1.5394,0.621,,,,,
292.059,,,31.7067,24.0584,17.5167,12.3493,8.3592,5.2808,3.0215,1.5465,0.6263,,,,,
292.119,,,31.7178,24.0678,17.5272,12.3565,8.3643,5.2865,3.0258,1.5493,0.6284,,,,,
292.685,,,31.8167,24.1602,17.6286,12.4246,8.4111,5.3406,3.0665,1.5747,0.6477,,,,,
292.963,,,31.8625,24.2087,17.6793,12.4581,8.4335,5.3669,3.0861,1.5868,0.6572,,,,,
294.215,,,32.0596,24.4555,17.9112,12.6128,8.5396,5.4839,3.1736,1.6392,0.6986,,,,,
294.414,,,32.0911,24.4972,17.9475,12.6382,8.5587,5.5021,3.1873,1.6473,0.7048,,,,,
294.601,,,32.1213,24.5366,17.9812,12.6625,8.5774,5.5191,3.2002,1.6549,0.7106,,,,,
295.039,,,32.1951,24.629,18.0585,12.7205,8.6254,5.5584,3.2301,1.6725,0.7235,,,,,
295.365,,,32.2552,24.6977,18.1145,12.765,8.6658,5.5875,3.2524,1.6857,0.7327,,,,,
295.857,,,32.3576,24.7986,18.1955,12.8334,8.7331,5.631,3.2858,1.7055,0.7456,,,,,
296.361,,,32.4771,24.8976,18.2748,12.9044,8.8079,5.6757,3.3201,1.726,0.7579,,,,,
297.388,,,32.7286,25.0816,18.428,13.0464,8.9649,5.767,3.3894,1.769,0.7809,,,,,
297.735,,,32.8038,25.1401,18.4782,13.0926,9.0157,5.7982,3.4128,1.784,0.7884,,,,,
298.358,,,32.9229,25.2436,18.5675,13.174,9.1,5.8547,3.4547,1.8118,0.802,,,,,
298.684,,,32.9804,25.298,18.6142,13.2163,9.1398,5.8846,3.4767,1.827,0.8094,,,,,
298.82,,,33.0039,25.3209,18.6337,13.234,9.1554,5.8972,3.4859,1.8334,0.8126,,,,,
299.172,,,33.0637,25.3809,18.6844,13.2794,9.1934,5.9299,3.5096,1.8504,0.8209,,,,,
299.675,,,33.149,25.4702,18.7582,13.3446,9.243,5.9771,3.5436,1.8756,0.8333,,,,,
299.73,,,33.1584,25.4803,18.7664,13.3517,9.2481,5.9823,3.5473,1.8784,0.8346,0.2247,,,,
299.798,,,33.17,25.4928,18.7766,13.3605,9.2545,5.9887,3.5519,1.8819,0.8364,0.2259,,,,
300.276,,,33.2537,25.5846,18.8502,13.423,9.2976,6.0343,3.5843,1.907,0.8487,0.234,,,,
300.829,,,33.3565,25.6967,18.9424,13.4963,9.3457,6.0878,3.6221,1.9371,0.8636,0.2433,,,,
301.461,,,33.4857,25.8294,19.0592,13.582,9.4005,6.1498,3.6656,1.9725,0.881,0.2541,,,,
302.896,,,33.8195,26.1264,19.3441,13.7849,9.5401,6.2943,3.7662,2.0556,0.9223,0.2786,,,,
302.963,,,33.8362,26.1395,19.3569,13.7947,9.5477,6.3012,3.771,2.0596,0.9243,0.2798,,,,
303.027,,,33.8521,26.1518,19.369,13.8039,9.555,6.3078,3.7756,2.0634,0.9262,0.2809,,,,
303.845,,,34.0582,26.3002,19.5172,13.922,9.6594,6.3926,3.8345,2.111,0.9507,0.2952,,,,
304.724,,,,26.4502,19.6685,14.0466,9.7872,6.4856,3.8992,2.1602,0.9778,0.3107,,,,
304.984,,,,26.4943,19.7122,14.0823,9.8262,6.5133,3.9186,2.1737,0.9859,0.3154,,,,
305.196,,,,26.5306,19.7475,14.1109,9.8582,6.5362,3.9346,2.1843,0.9926,0.3192,,,,
305.278,,,,26.5447,19.7611,14.1218,9.8705,6.545,3.9408,2.1883,0.9952,0.3207,,,,
306.118,,,,26.6919,19.8985,14.229,9.9941,6.6361,4.005,2.2255,1.0223,0.3361,,,,
306.798,,,,26.8154,20.0073,14.3132,10.0886,6.7103,4.0579,2.2525,1.045,0.3489,,,,
307.209,,,,26.8912,20.0723,14.365,10.1428,6.7551,4.0903,2.2688,1.0591,0.3568,,,,
307.279,,,,26.9042,20.0832,14.3739,10.1518,6.7627,4.0958,2.2716,1.0615,0.3581,,,,
308.437,,,,27.1199,20.2629,14.5322,10.2939,6.888,4.1884,2.3214,1.1035,0.3813,,,,
308.707,,,,27.1703,20.3045,14.5724,10.3256,6.9169,4.2104,2.3338,1.1138,0.3869,,,,
309.022,,,,27.2288,20.353,14.6209,10.362,6.9504,4.236,2.3485,1.1259,0.3936,,,,
310.631,,,,27.5211,20.6039,14.8849,10.542,7.1153,4.3691,2.4285,1.1891,0.4303,,,,
311.405,,,,27.6534,20.7296,15.0152,10.6264,7.1891,4.4345,2.4694,1.2188,0.4496,,,,
311.786,,,,27.7163,20.7932,15.0783,10.6675,7.2232,4.4669,2.4901,1.2329,0.4595,,,,
312.132,,,,27.7734,20.8526,15.1347,10.7049,7.2527,4.4967,2.5093,1.2457,0.4687,,,,
312.165,,,,27.7788,20.8583,15.14,10.7085,7.2555,4.4995,2.5111,1.2469,0.4696,,,,
312.614,,,,27.8541,20.937,15.2101,10.757,7.2906,4.5384,2.5365,1.2633,0.4819,,,,
313.376,,,,27.9943,21.0738,15.3168,10.8398,7.3427,4.6048,2.5811,1.2913,0.5034,,,,
313.595,,,,28.0398,21.1138,15.3445,10.8639,7.3562,4.6239,2.5942,1.2994,0.5097,,,,
315.099,,,,28.3978,21.389,15.525,11.0363,7.4427,4.7531,2.6906,1.3573,0.5541,,,,
315.657,,,,28.5253,21.4889,15.5969,11.1045,7.4809,4.7992,2.7297,1.3801,0.5709,,,,
315.674,,,,28.529,21.492,15.5992,11.1066,7.4822,4.8006,2.7309,1.3808,0.5714,,,,
315.739,,,,28.5429,21.5033,15.6078,11.1147,7.4872,4.8058,2.7356,1.3835,0.5733,,,,
316.266,,,,28.6479,21.5942,15.6794,11.1815,7.5321,4.8475,2.7745,1.4062,0.5891,,,,
316.619,,,,28.7103,21.6538,15.7287,11.2272,7.567,4.8747,2.8015,1.422,0.5997,,,,
317.103,,,,28.7877,21.734,15.7971,11.2903,7.6205,4.9108,2.8395,1.4447,0.6141,,,,
317.166,,,,28.7973,21.7443,15.806,11.2985,7.6279,4.9153,2.8444,1.4478,0.616,,,,
317.468,,,,28.8423,21.7938,15.8492,11.338,7.6643,4.9371,2.8686,1.4627,0.6249,,,,
319.561,,,,29.1523,22.141,16.1541,11.614,7.9474,5.0795,3.0327,1.5787,0.6863,,,,
319.828,,,,29.1963,22.1867,16.1933,11.6496,7.9855,5.0973,3.0511,1.5941,0.6939,,,,
320.1,,,,29.2433,22.2337,16.2333,11.686,8.0245,5.1155,3.0686,1.6099,0.7017,,,,
320.804,,,,29.3728,22.3566,16.3366,11.7808,8.1252,5.1629,3.1076,1.6495,0.7216,,,,
321.593,,,,29.5288,22.4957,16.4514,11.888,8.2344,5.2174,3.143,1.6906,0.7434,,,,
321.605,,,,29.5313,22.4978,16.4531,11.8897,8.2359,5.2182,3.1435,1.6911,0.7437,,,,
322.119,,,,29.638,22.5892,16.5277,11.9605,8.3013,5.255,3.1643,1.7151,0.7576,,,,
323.095,,,,29.8472,22.7633,16.6697,12.0957,8.4061,5.3289,3.2042,1.7541,0.7831,,,,
323.235,,,,29.8777,22.7883,16.6903,12.1152,8.4196,5.3402,3.2103,1.7591,0.7866,0.1745,,,
323.793,,,,29.9998,22.888,16.7738,12.1928,8.4718,5.3872,3.236,1.7785,0.8004,0.1854,,,
323.872,,,,30.017,22.902,16.7858,12.2037,8.4792,5.3942,3.2398,1.7811,0.8023,0.187,,,
324.236,,,,,22.9672,16.8425,12.2542,8.5132,5.4279,3.2583,1.7932,0.811,0.1941,,,
324.497,,,,,23.0135,16.884,12.2901,8.5377,5.4532,3.2722,1.8017,0.8172,0.1991,,,
324.588,,,,,23.0297,16.8988,12.3026,8.5464,5.4624,3.2773,1.8047,0.8193,0.2009,,,
325.83,,,,,23.2496,17.1075,12.4698,8.6678,5.5982,3.3523,1.8459,0.8475,0.2251,,,
325.978,,,,,23.2756,17.1327,12.489,8.6827,5.6153,3.3619,1.851,0.8508,0.228,,,
327.457,,,,,23.5356,17.3824,12.6695,8.8344,5.7813,3.4629,1.9057,0.8839,0.2566,,,
327.879,,,,,23.6097,17.4525,12.7181,8.8783,5.8245,3.4931,1.9228,0.8937,0.2648,,,
328.459,,,,,23.7122,17.5482,12.7849,8.9392,5.8802,3.5354,1.9476,0.9075,0.2759,,,
328.927,,,,,23.795,17.6246,12.8394,8.9884,5.922,3.5701,1.9685,0.919,0.2849,,,
329.234,,,,,23.8496,17.6744,12.8758,9.0208,5.9485,3.5931,1.9827,0.9269,0.2908,,,
329.234,,,,,23.8497,17.6744,12.8758,9.0208,5.9485,3.5931,1.9827,0.9269,0.2908,,,
330.908,,,,,24.1485,17.9398,13.082,9.1981,6.0845,3.721,2.0647,0.9727,0.3224,,,
331.035,,,,,24.1713,17.9595,13.0981,9.2116,6.0946,3.7309,2.0712,0.9764,0.3247,,,
333.08,,,,,24.534,18.2625,13.364,9.4291,6.2572,3.8907,2.1821,1.0408,0.3622,,,
333.306,,,,,24.5734,18.2937,13.3944,9.453,6.2758,3.9084,2.195,1.0485,0.3663,,,
333.353,,,,,24.5816,18.3002,13.4007,9.458,6.2796,3.9121,2.1976,1.0501,0.3671,,,
335.163,,,,,24.8907,18.5317,13.6587,9.6494,6.44,4.0533,2.306,1.1167,0.4005,,,
335.259,,,,,24.9068,18.5434,13.6731,9.6595,6.4494,4.0607,2.3121,1.1205,0.4023,,,
335.479,,,,,24.9438,18.57,13.7066,9.6825,6.4715,4.0776,2.326,1.1293,0.4065,,,
336.017,,,,,25.034,18.6351,13.7892,9.7384,6.5285,4.1187,2.3606,1.1514,0.4169,,,
336.364,,,,,25.0923,18.6779,13.8432,9.7744,6.5678,4.145,2.3834,1.1662,0.4237,,,
336.566,,,,,25.1263,18.7036,13.8747,9.7953,6.5915,4.1602,2.3968,1.1751,0.4277,,,
337.218,,,,,25.2364,18.7911,13.9767,9.8627,6.6715,4.2084,2.4408,1.2043,0.4408,,,
337.237,,,,,25.2396,18.7938,13.9797,9.8647,6.6739,4.2098,2.4422,1.2052,0.4412,,,
337.661,,,,,25.3117,18.8565,14.0458,9.9091,6.7283,4.2405,2.4712,1.2247,0.45,,,
339.574,,,,,25.6401,19.1902,14.3381,10.1381,6.9682,4.3722,2.6019,1.3152,0.4912,,,
340.228,,,,,25.7539,19.3208,14.4345,10.2302,7.0402,4.4156,2.6443,1.3456,0.506,,,
340.374,,,,,25.7793,19.3508,14.4556,10.2511,7.0553,4.4252,2.6534,1.3522,0.5094,,,
341.247,,,,,25.9329,19.5346,14.5788,10.3778,7.1404,4.483,2.7038,1.3904,0.5299,,,
341.415,,,,,25.9626,19.5694,14.6017,10.4022,7.1559,4.4942,2.7126,1.3973,0.5339,,,
341.728,,,,,26.0187,19.6326,14.6439,10.4476,7.1844,4.5153,2.7281,1.4098,0.5415,,,
342.077,,,,,26.0817,19.6986,14.6897,10.4979,7.2154,4.5391,2.7442,1.4229,0.5501,,,
342.739,,,,,26.2043,19.81,14.7737,10.5917,7.2726,4.5855,2.7719,1.4452,0.5667,,,
342.96,,,,,26.2466,19.8435,14.8011,10.6224,7.2914,4.6015,2.7806,1.4519,0.5723,,,
343.1,,,,,26.2738,19.864,14.8182,10.6418,7.3032,4.6117,2.786,1.4561,0.5759,,,
343.792,,,,,26.4141,19.9605,14.9017,10.735,7.3612,4.6639,2.8124,1.4751,0.5941,,,
344.377,,,,,,20.0393,14.9708,10.8098,7.4096,4.7096,2.8355,1.4898,0.6097,,,
345.814,,,,,,20.2427,15.142,10.9763,7.5296,4.8274,2.9032,1.5256,0.6497,,,
345.914,,,,,,20.2583,15.1542,10.9871,7.5381,4.8358,2.9088,1.5283,0.6526,,,
345.956,,,,,,20.2649,15.1594,10.9916,7.5416,4.8393,2.9112,1.5294,0.6538,,,
347.029,,,,,,20.4509,15.297,11.1028,7.6349,4.9311,2.9786,1.5612,0.685,,,
347.323,,,,,,20.5054,15.3365,11.1323,7.6614,4.9564,2.9988,1.5711,0.6937,,,
347.492,,,,,,20.5369,15.3596,11.1492,7.6768,4.971,3.0108,1.577,0.6987,,,
348.92,,,,,,20.7879,15.5659,11.2942,7.8126,5.0946,3.1176,1.6335,0.7421,,,
349.001,,,,,,20.8006,15.5781,11.3027,7.8205,5.1017,3.1239,1.6369,0.7446,,,
349.688,,,,,,20.904,15.6856,11.3786,7.8896,5.1623,3.1778,1.6673,0.766,,,
350.515,,,,,,21.0213,15.8216,11.4764,7.9753,5.2365,3.2429,1.7054,0.7922,,,
351.032,,,,,,21.0938,15.9093,11.5402,8.0302,5.2835,3.2827,1.7298,0.8088,,,
351.427,,,,,,21.1499,15.977,11.5899,8.0726,5.3196,3.3122,1.7487,0.8216,0.179,,
351.47,,,,,,21.1562,15.9846,11.5954,8.0774,5.3236,3.3154,1.7508,0.823,0.1799,,
352.395,,,,,,21.298,16.144,11.7137,8.1785,5.4089,3.3804,1.7954,0.8531,0.2003,,
352.952,,,,,,21.3985,16.2383,11.7853,8.2402,5.4603,3.4168,1.8224,0.8713,0.2126,,
353.279,,,,,,21.4645,16.2923,11.8274,8.2766,5.4905,3.4373,1.8382,0.882,0.2198,,
353.628,,,,,,21.5397,16.3484,11.8723,8.3156,5.5228,3.4587,1.855,0.8934,0.2275,,
353.81,,,,,,21.5798,16.3768,11.8956,8.3359,5.5396,3.4696,1.8637,0.8993,0.2316,,
354.361,,,,,,21.6985,16.4591,11.9661,8.3973,5.5902,3.5019,1.89,0.9171,0.2437,,
354.718,,,,,,21.77,16.5097,12.0117,8.4373,5.6229,3.5225,1.9069,0.9286,0.2517,,
356.04,,,,,,21.999,16.6804,12.1801,8.5845,5.7429,3.5969,1.969,0.9703,0.281,,
357.938,,,,,,22.2929,16.9035,12.4205,8.7923,5.9105,3.7027,2.0573,1.0268,0.3235,,
358.23,,,,,,22.3373,16.9379,12.4573,8.8236,5.9354,3.7191,2.0709,1.035,0.33,,
358.802,,,,,,22.4247,17.0066,12.5295,8.8843,5.9838,3.7515,2.0976,1.0506,0.343,,
359.605,,,,,,22.5475,17.1073,12.6305,8.9676,6.0501,3.7978,2.1352,1.0714,0.3612,,
359.699,,,,,,22.5618,17.1195,12.6423,8.9772,6.0578,3.8033,2.1397,1.0737,0.3634,,
359.953,,,,,,22.6008,17.1534,12.6742,9.0033,6.0785,3.8184,2.1517,1.08,0.3692,,
360.282,,,,,,22.6511,17.199,12.7154,9.0369,6.105,3.8381,2.1673,1.0878,0.3768,,
360.854,,,,,,22.7388,17.2843,12.7869,9.0955,6.1511,3.8736,2.1946,1.1011,0.39,,
361.085,,,,,,22.7743,17.3209,12.8159,9.1193,6.1698,3.8884,2.2058,1.1063,0.3954,,
361.328,,,,,,22.8116,17.3604,12.8462,9.1445,6.1894,3.9042,2.2177,1.1117,0.4011,,
363.459,,,,,,,17.7018,13.1112,9.3779,6.3707,4.0623,2.3263,1.1584,0.4516,,
363.544,,,,,,,17.7134,13.1218,9.3879,6.3787,4.0695,2.3308,1.1603,0.4537,,
363.598,,,,,,,17.7206,13.1285,9.3942,6.3838,4.074,2.3337,1.1615,0.455,,
363.618,,,,,,,17.7233,13.131,9.3966,6.3857,4.0757,2.3347,1.162,0.4554,,
366.178,,,,,,,18.0211,13.459,9.7189,6.6589,4.2984,2.4799,1.2274,0.5173,,
366.234,,,,,,,18.0275,13.4665,9.726,6.6648,4.3029,2.4832,1.2291,0.5186,,
366.357,,,,,,,18.0417,13.4832,9.7418,6.6777,4.3128,2.4905,1.2328,0.5216,,
366.795,,,,,,,18.0944,13.5441,9.7979,6.722,4.347,2.5166,1.2468,0.5321,,
367.228,,,,,,,18.1512,13.606,9.8527,6.763,4.3787,2.5425,1.2616,0.5426,,
367.428,,,,,,,18.1799,13.635,9.8778,6.7809,4.3927,2.5545,1.2689,0.5474,,
367.579,,,,,,,18.203,13.6571,9.8966,6.7941,4.4031,2.5636,1.2745,0.551,,
368.697,,,,,,,18.4071,13.8192,10.0318,6.8836,4.4756,2.6309,1.3208,0.5783,,
369.402,,,,,,,18.5419,13.9126,10.1124,6.9362,4.5188,2.6731,1.3536,0.5958,,
369.72,,,,,,,18.5976,13.9509,10.1478,6.9598,4.538,2.6921,1.3692,0.6038,,
371.067,,,,,,,18.8033,14.0987,10.2919,7.0605,4.6187,2.7713,1.4385,0.6382,,
372.43,,,,,,,18.9925,14.252,10.4319,7.1717,4.7016,2.8486,1.511,0.6744,,
372.785,,,,,,,19.0409,14.295,10.4681,7.2035,4.7238,2.8681,1.5297,0.6841,,
372.811,,,,,,,19.0445,14.2983,10.4707,7.2059,4.7255,2.8695,1.5311,0.6848,,
372.873,,,,,,,19.0529,14.3059,10.477,7.2116,4.7293,2.8728,1.5343,0.6865,,
373.274,,,,,,,19.1076,14.3565,10.5179,7.2494,4.7548,2.8943,1.555,0.6976,0.1886,
373.709,,,,,,,19.1673,14.413,10.5626,7.2922,4.7831,2.9171,1.577,0.7097,0.1977,
373.877,,,,,,,19.1904,14.4351,10.58,7.3092,4.7941,2.9258,1.5854,0.7144,0.2012,
374.836,,,,,,,19.3238,14.5643,10.6816,7.4103,4.8599,2.9744,1.6309,0.7415,0.2212,
376.152,,,,,,,19.51,14.746,10.8278,7.5574,4.9626,3.0397,1.6871,0.779,0.2485,
377.053,,,,,,,19.6388,14.8708,10.931,7.6604,5.053,3.0851,1.7222,0.8045,0.2671,
377.287,,,,,,,19.6723,14.9029,10.9579,7.6869,5.0802,3.0971,1.731,0.8111,0.2719,
377.988,,,,,,,19.7731,14.9982,11.039,7.7655,5.1661,3.1341,1.7567,0.8308,0.2862,
378.298,,,,,,,19.8177,15.04,11.0748,7.7998,5.2024,3.1511,1.7679,0.8395,0.2925,
378.575,,,,,,,,15.0773,11.1067,7.8301,5.2327,3.1665,1.7777,0.8471,0.2981,
379.064,,,,,,,,15.1434,11.1631,7.8832,5.2814,3.1947,1.7948,0.8605,0.308,
380.589,,,,,,,,15.362,11.3398,8.0446,5.4088,3.2883,1.8474,0.901,0.338,
380.736,,,,,,,,15.3846,11.3569,8.0598,5.4201,3.2977,1.8524,0.9048,0.3408,
380.975,,,,,,,,15.422,11.3849,8.0847,5.4384,3.3131,1.8607,0.9109,0.3454,
381.629,,,,,,,,15.5263,11.4614,8.152,5.4873,3.3559,1.8836,0.9271,0.3576,
382.729,,,,,,,,15.7021,11.5916,8.2645,5.5679,3.4293,1.9234,0.9535,0.3769,
383.471,,,,,,,,15.8161,11.6807,8.3403,5.6224,3.4794,1.9517,0.971,0.3888,
383.852,,,,,,,,15.8722,11.7269,8.3793,5.6509,3.5052,1.9667,0.9801,0.3946,
384.151,,,,,,,,15.9147,11.7635,8.41,5.6737,3.5255,1.9788,0.9873,0.399,
384.556,,,,,,,,15.9701,11.8135,8.4518,5.7053,3.5529,1.9955,0.9973,0.4047,
384.588,,,,,,,,15.9743,11.8174,8.455,5.7078,3.555,1.9968,0.9981,0.4051,
386.658,,,,,,,,16.2357,12.0789,8.6685,5.8771,3.6943,2.0877,1.0536,0.4334,
387.401,,,,,,,,16.3303,12.175,8.7435,5.9355,3.744,2.1223,1.0763,0.4441,
388.008,,,,,,,,16.412,12.2543,8.8037,5.9815,3.7845,2.1512,1.0964,0.4531,
388.395,,,,,,,,16.4669,12.3049,8.8413,6.0103,3.8102,2.1699,1.1098,0.459,
388.4,,,,,,,,16.4676,12.3055,8.8418,6.0107,3.8105,2.1701,1.11,0.4591,
389.21,,,,,,,,16.5903,12.4122,8.9182,6.0708,3.8642,2.2096,1.1399,0.472,
389.686,,,,,,,,16.6663,12.475,8.9613,6.1061,3.8957,2.233,1.1583,0.48,
391.572,,,,,,,,16.9859,12.7247,9.1262,6.2491,4.0197,2.3266,1.2355,0.5144,
392.29,,,,,,,,,12.8199,9.1902,6.306,4.0667,2.3627,1.2656,0.5289,
392.744,,,,,,,,,12.8799,9.2322,6.3432,4.0963,2.3855,1.2845,0.5384,
393.03,,,,,,,,,12.9176,9.2593,6.3671,4.1149,2.3999,1.2964,0.5446,
393.702,,,,,,,,,13.0063,9.3261,6.4251,4.1588,2.434,1.3239,0.5598,
394.075,,,,,,,,,13.0553,9.3649,6.4581,4.183,2.4529,1.3388,0.5685,
395.925,,,,,,,,,13.2971,9.5732,6.6277,4.3034,2.5479,1.4059,0.6158,0.1087
395.948,,,,,,,,,13.2999,9.5758,6.6297,4.3049,2.549,1.4066,0.6164,0.1091
396.645,,,,,,,,,13.3902,9.6585,6.6937,4.3504,2.5852,1.4267,0.6355,0.1209
397.102,,,,,,,,,13.449,9.7131,6.7348,4.3802,2.609,1.438,0.6483,0.1286
397.578,,,,,,,,,13.5099,9.7702,6.7766,4.4113,2.634,1.4485,0.6619,0.1367
398.414,,,,,,,,,13.6155,9.8701,6.8469,4.4661,2.678,1.4645,0.686,0.1507
400.658,,,,,,,,,13.8868,10.1284,7.0247,4.6145,2.7965,1.509,0.7519,0.1879
401.604,,,,,,,,,13.9967,10.2319,7.0988,4.6781,2.8461,1.5359,0.7792,0.2031
401.661,,,,,,,,,14.0032,10.238,7.1032,4.6819,2.849,1.5377,0.7808,0.204
402.092,,,,,,,,,14.0528,10.2838,7.1377,4.7112,2.8714,1.5522,0.7929,0.2109
402.196,,,,,,,,,14.0647,10.2948,7.1461,4.7183,2.8768,1.5559,0.7958,0.2125
402.525,,,,,,,,,14.1024,10.329,7.173,4.7408,2.8939,1.568,0.8048,0.2176
402.794,,,,,,,,,14.1331,10.3566,7.1953,4.7592,2.9077,1.5782,0.8121,0.2218
404.577,,,,,,,,,14.3357,10.5365,7.35,4.8833,2.999,1.6533,0.8574,0.2479
405.755,,,,,,,,,14.469,10.6594,7.4554,4.966,3.059,1.7074,0.8848,0.2634
406.43,,,,,,,,,,10.7325,7.5157,5.0134,3.0935,1.7394,0.8998,0.2717
406.549,,,,,,,,,,10.7455,7.5263,5.0217,3.0995,1.7451,0.9024,0.2731
408.399,,,,,,,,,,10.9534,7.6902,5.1495,3.1945,1.8349,0.9416,0.2949
408.573,,,,,,,,,,10.9733,7.7055,5.1612,3.2035,1.8434,0.9452,0.297
409.002,,,,,,,,,,11.0224,7.7435,5.1901,3.2258,1.8643,0.9541,0.3022
410.778,,,,,,,,,,11.2266,7.9016,5.3086,3.3193,1.9493,0.9911,0.3256
411.225,,,,,,,,,,11.2781,7.9418,5.3386,3.3434,1.9702,1.0005,0.332
411.82,,,,,,,,,,11.3465,7.9958,5.3788,3.3757,1.9975,1.0131,0.3409
412.845,,,,,,,,,,11.4637,8.0903,5.4492,3.4322,2.043,1.0352,0.357
415.365,,,,,,,,,,11.7457,8.3403,5.6336,3.5743,2.1457,1.0926,0.4004
415.66,,,,,,,,,,11.7782,8.3721,5.6566,3.591,2.1569,1.0997,0.4059
415.735,,,,,,,,,,11.7864,8.3803,5.6625,3.5953,2.1597,1.1016,0.4073
416.1,,,,,,,,,,11.8263,8.4207,5.6916,3.6159,2.1733,1.1106,0.4141
417.098,,,,,,,,,,11.9347,8.5353,5.7733,3.6716,2.2095,1.1364,0.4336
417.812,,,,,,,,,,12.0119,8.618,5.8336,3.7108,2.2348,1.1558,0.4481
420.082,,,,,,,,,,,8.8542,6.0311,3.8335,2.3147,1.2215,0.4987
420.176,,,,,,,,,,,8.8625,6.0394,3.8386,2.3181,1.2243,0.5009
421.577,,,,,,,,,,,8.9744,6.1621,3.9153,2.3688,1.2667,0.5368
421.951,,,,,,,,,,,9.0023,6.1943,3.9362,2.3827,1.278,0.547
423.119,,,,,,,,,,,9.0899,6.2925,4.0026,2.4278,1.3134,0.5799
423.339,,,,,,,,,,,9.107,6.3105,4.0154,2.4367,1.32,0.5863
424.657,,,,,,,,,,,9.2194,6.4149,4.0936,2.4924,1.3604,0.6244
427.212,,,,,,,,,,,9.4984,6.6027,4.2508,2.6133,1.4419,0.6914
427.677,,,,,,,,,,,9.5554,6.6354,4.2798,2.6367,1.4573,0.7016
427.807,,,,,,,,,,,9.5717,6.6445,4.288,2.6434,1.4617,0.7043
429.412,,,,,,,,,,,9.7762,6.7556,4.3887,2.7268,1.5167,0.7344
429.484,,,,,,,,,,,,6.7606,4.3932,2.7305,1.5192,0.7356
429.785,,,,,,,,,,,,6.7814,4.4121,2.7464,1.5297,0.7407
434.373,,,,,,,,,,,,7.1116,4.6952,2.9807,1.6928,0.8138
434.545,,,,,,,,,,,,7.125,4.7057,2.989,1.6989,0.8168
434.994,,,,,,,,,,,,7.1607,4.7328,3.0103,1.7147,0.8248
435.33,,,,,,,,,,,,7.1881,4.7531,3.026,1.7265,0.8311
435.805,,,,,,,,,,,,7.2281,4.7817,3.0476,1.7431,0.8401
440.423,,,,,,,,,,,,7.7065,5.0654,3.2414,1.9019,0.9446
441.224,,,,,,,,,,,,,5.1166,3.2766,1.9291,0.9659
441.535,,,,,,,,,,,,,5.1367,3.2909,1.9396,0.9744
441.658,,,,,,,,,,,,,5.1446,3.2966,1.9437,0.9779
442.565,,,,,,,,,,,,,5.2039,3.34,1.9743,1.0039
446.219,,,,,,,,,,,,,5.4498,3.5227,2.0965,1.1163
447.293,,,,,,,,,,,,,5.5237,3.5729,2.1319,1.1481
448.623,,,,,,,,,,,,,5.616,3.6336,2.1754,1.1839
450.076,,,,,,,,,,,,,5.7222,3.7023,2.2222,1.2191
451.352,,,,,,,,,,,,,,3.7671,2.2624,1.2481
451.384,,,,,,,,,,,,,,3.7688,2.2634,1.2488
452.751,,,,,,,,,,,,,,3.8434,2.3055,1.2792
458.176,,,,,,,,,,,,,,4.1643,2.4784,1.4063
458.303,,,,,,,,,,,,,,4.172,2.483,1.4096
459.615,,,,,,,,,,,,,,,2.5321,1.4442
464.961,,,,,,,,,,,,,,,2.754,1.6131
465.459,,,,,,,,,,,,,,,,1.6306
471.133,,,,,,,,,,,,,,,,1.834
